{"sho":{"totalDistanceTraveled":4192.2041243961385},"Y":{"totalDistanceTraveled":0},"test":{"totalDistanceTraveled":4192.2041243961385}}