{"sho":{"totalDistanceTraveled":4204.350017943292},"Y":{"totalDistanceTraveled":0},"test":{"totalDistanceTraveled":4192.2041243961385}}